﻿<values>
  <value name="extversion" type="string">1.4.29</value>
  <value name="VSExeVersion" type="string">0.2.183.64771</value>
  <value name="ExeName" type="string">Microsoft.VisualStudio.Code.ServiceHost</value>
  <value name="CTime" type="qword">133550163168777782</value>
  <value name="VSIs64BitProcess" type="string">True</value>
  <value name="PID" type="int">23377</value>
  <value name="VSInstanceId" type="string">b5dd845f-ddd2-4d68-bbe0-bdef308ec5f31710542713772</value>
  <value name="extname" type="string">ms-dotnettools.csdevkit</value>
  <value name="StillAlive" type="qword">133550232187616703</value>
  <value name="ShutdownReason" type="int">3</value>
  <value name="vscodeversion" type="string">1.87.2</value>
</values>