﻿<values>
  <value name="StillAlive" type="qword">133550232177730751</value>
  <value name="ShutdownReason" type="int">3</value>
  <value name="extversion" type="string">1.4.29</value>
  <value name="VSInstanceId" type="string">b5dd845f-ddd2-4d68-bbe0-bdef308ec5f31710542713772</value>
  <value name="PID" type="int">23316</value>
  <value name="extname" type="string">ms-dotnettools.csdevkit</value>
  <value name="vscodeversion" type="string">1.87.2</value>
  <value name="ExeName" type="string">Microsoft.ServiceHub.Controller</value>
  <value name="CTime" type="qword">133550163168777782</value>
  <value name="VSIs64BitProcess" type="string">True</value>
  <value name="VSExeVersion" type="string">4.4.4167.31228</value>
</values>