﻿<values>
  <value name="VSInstanceId" type="string">b5dd845f-ddd2-4d68-bbe0-bdef308ec5f31710542713772</value>
  <value name="ExeName" type="string">Microsoft.CodeAnalysis.LanguageServer</value>
  <value name="ShutdownReason" type="int">3</value>
  <value name="vscodeversion" type="string">1.87.2</value>
  <value name="VSExeVersion" type="string">4.1000.24.12402</value>
  <value name="VSIs64BitProcess" type="string">True</value>
  <value name="extversion" type="string">1.4.29</value>
  <value name="CTime" type="qword">133550163168977613</value>
  <value name="extname" type="string">ms-dotnettools.csdevkit</value>
  <value name="StillAlive" type="qword">133550232179256683</value>
  <value name="PID" type="int">23054</value>
</values>