{
    "KPackageStructure": "Plasma/LookAndFeel",
    "KPlugin": {
        "Authors": [
            {
                "Email": "core@catppuccin.com",
                "Name": "Catppuccin"
            }
        ],
        "Category": "Global Themes (Plasma 6)",
        "Dependencies": [
        ],
        "EnabledByDefault": true,
        "Id": "Catppuccin---flavour---accentName",
        "License": "MIT",
        "Name": "Catppuccin --flavour --accentName",
        "Version": "0.2.6"
    },
    "X-KPackage-Dependencies": [
        "kns://aurorae.knsrc/api.kde-look.org/--StoreAuroraeNo"
    ]
}
